date,calib_params,train_mse,train_mape,test_mse,test_mape
2021-01-04,"[0.07645775983129288, 1.1054315674637725, 80.8487931185387, 7.211827691862542, 0.018783996362024852]",5505.547281490211,0.2013890824891745,4484.466829140435,0.19013512587578874
2021-01-05,"[0.08196127745622946, 0.9673220176127824, 202.65709163071023, 6.803032724811049, 4.1641262080919243e-10]",4477.252955382878,0.18564001630038732,5145.470547064885,0.18253860807240258
2021-01-06,"[1.7029398798030502e-13, 2.601106961346839, 99.04081278527013, 10.1371482237086, 0.03773948981035004]",4604.111471917924,0.2172465394733123,4787.978907634566,0.23667071414248575
2021-01-07,"[0.0770378558133691, 1.0963220375106522, 55.4322035357897, 7.1329522831875725, 0.010315073916380556]",3928.6388204421387,0.20446271621327508,3071.2632055321515,0.1985683170798663
2021-01-08,"[0.0890809641876339, 1.6026486807115647, 97.4450809458794, 6.240507616262469, 0.4431211775559667]",2964.316490925463,0.18722881319963805,6129.22972609208,0.19173874900262586
2021-01-11,"[0.08282503946315634, 1.1729141902616322, 141.9405597731445, 6.675273243666057, 0.00023828095266518554]",5546.6292307973035,0.1948930760437736,4709.084461707079,0.19982951995295162
2021-01-12,"[0.0006801174754130782, 51.94588437328373, 133.20941772886346, 6.040356119768269, 0.9805775935778913]",4575.179882697545,0.19952069032383582,3887.140180049669,0.2157525219124756
2021-01-13,"[0.03227407290112714, 13.140679230678032, 64.87293390133567, 7.142858258757814, 0.8956586817780581]",3653.025678583247,0.18275072366137066,4909.281457749731,0.22072850648786346
2021-01-14,"[0.1007503162302413, 0.8506642969720228, 42.7122718522987, 5.879134113477528, 4.373029351375798e-13]",4630.526195804648,0.2414307543725128,3452.884605361997,0.2719923487303751
2021-01-15,"[0.13078205098717724, 0.6200228608349541, 106.46405004087632, 5.119075876149723, 0.11213004443020166]",3170.0998256132975,0.23172858369482383,3051.3330813663515,0.26701463481286286
2021-01-18,"[1.5627764598907946e-12, 9.247456471496893, 40.98524138346086, 11.083688775910945, 0.7273379091669283]",3428.190703864108,0.2332008701284433,3654.715767105167,0.25225339602196517
2021-01-19,"[0.11474793590841059, 1.1751649682114282, 119.87341136562418, 6.948715475543834, 2.898529450859633e-07]",3079.924732630482,0.29691764611434684,4038.631653945377,0.20735089633048678
2021-01-20,"[0.12310038658712061, 0.8712038746040119, 186.2041811336939, 6.216293120929561, 0.0004996503948652346]",3925.6116992949487,0.19930938382170515,5299.212097678349,0.20923436379722427
2021-01-21,"[0.10710985689455813, 1.325311110147444, 143.77746827243683, 7.341999509799477, 1.5010406059621046e-11]",5138.459946988997,0.23094444911883466,8124.9091715155,0.19672715290058468
2021-01-22,"[0.029447943668179342, 11.650723380097848, 52.96848903531178, 7.48800940426708, 0.8721854908116162]",8059.744976653609,0.17790584291665232,4614.566954020254,0.19837244277754457
2021-01-25,"[0.11124132663090723, 79.54512706156261, 2.000000026982988, 69.96218304904522, 5.507744813222616e-10]",5538.8898725986255,0.12281719482821081,6976.623722717647,0.16708994821435275
2021-01-26,"[0.003899407492514265, 397.82849145430345, 230.34998190094723, 6.9577349545179406, 0.9969620056405666]",4321.556485488059,0.2072958547796476,3679.4262013288,0.242184234365124
2021-01-27,"[0.0013888203446434826, 33.69831979436569, 80.12690074018636, 9.287947884374494, 0.9305066487360472]",3476.47863558245,0.23545065066884077,4144.774478635241,0.2251636732617463
2021-01-28,"[0.12455529909877364, 1.5659602695344539, 148.48393343518143, 8.237733513774797, 2.3181668439771274e-10]",3960.586961059424,0.2410138302150668,5651.690033440814,0.2890503208582086
2021-01-29,"[0.11403203868169208, 1.4438927340997232, 259.2159328754783, 6.730940273455342, 8.505410750564844e-10]",4725.513616490338,0.3047073051475235,3748.3365285765963,0.3238012371477852
2021-02-01,"[0.13123091092200756, 1.3369156199562409, 120.87605060597676, 6.814761085057947, 3.0671103968200915e-11]",3625.471317619523,0.2849678827337265,4354.4321836676,0.2687669693169938
2021-02-02,"[0.09761515269392868, 1.643886089996703, 55.68348942980938, 6.766237176969144, 4.0779865698367874e-05]",3872.1990116631905,0.3211184125347007,6111.606423009739,0.2563311203404097
2021-02-03,"[0.11424136486436315, 1.0355436868481789, 112.26481923524781, 5.888902551411993, 2.4034200194809594e-10]",4830.788171771307,0.24208260301117882,2994.6122355132725,0.26836420566481456
2021-02-04,"[0.1288636033222859, 0.9829545249679323, 89.26787088925522, 5.913201883190226, 6.233759995145044e-05]",2888.5413909449044,0.2401187724843792,3373.3712516629807,0.21924243717610487
2021-02-05,"[0.11195236380521648, 1.219167081175767, 127.80856067761052, 6.3690145799824425, 1.4884904845401327e-09]",3287.3724103268128,0.24497314180276006,3132.2342402334134,0.21904568602637992
2021-02-17,"[0.08964593146073158, 12.175009470078773, 88.96348761558431, 7.876760319384049, 0.8437522107402953]",2858.6891127324516,0.2307644550288643,8134.250599118984,0.18826344012262322
2021-02-18,"[0.10657812148619486, 1.1874991601488083, 135.0046947694487, 6.676639082728583, 0.020934508015979875]",6346.053601890611,0.1948075656936903,5015.943501359833,0.2017123221719172
2021-02-19,"[0.11156962619308981, 1.5540789460589357, 228.72864172513377, 7.789188891288919, 0.021092413486712064]",4771.701723441046,0.18552941041926038,5349.06076353936,0.20802575019269964
2021-02-22,"[0.12136777669997907, 1.4579459869026155, 138.53479856421404, 7.207775440108207, 0.12753874041064975]",5326.200521061072,0.19249686544966316,3713.849269694816,0.2033836680696996
2021-02-23,"[0.13412397868565093, 1.1908280698661633, 210.96469375202992, 7.422062133604916, 4.6833464155580787e-11]",3616.528182511126,0.18002136774492603,3870.176338880847,0.18989189067368267
2021-02-24,"[0.12844095943002082, 1.0560782317493087, 116.85899291168238, 6.698086217922655, 1.7033400597641094e-11]",3819.8253842520126,0.2028215792055404,4083.3713894927923,0.23028654321148692
2021-02-25,"[0.12409615396167609, 1.9455581569274738, 209.80657798659752, 9.465968918905727, 1.0584270569598479e-10]",3938.674419664539,0.2243825632948877,5874.222849629671,0.1760986515520723
2021-02-26,"[0.10761736428781624, 1.5182367756557222, 119.75252629054899, 8.12667591631577, 3.175535941208615e-11]",5452.777155946027,0.22321042908757346,6459.8452115189175,0.2927593874289935
2021-03-02,"[7.498125582001481e-05, 7.826479451914707, 15.441479427133052, 16.131319113119545, 6.010614913488518e-06]",5769.384553899078,0.3031484531221725,3814.0477064171314,0.32096418476209465
2021-03-03,"[0.120539311927205, 2.6096741118591287, 117.27898310768414, 8.941028348929535, 0.22865152240128012]",3245.6823096846024,0.26469979509147595,2773.0896416352575,0.20842480418156806
2021-03-04,"[0.11052217605894112, 2.292438561038508, 104.49024295043601, 9.521531417223132, 0.010408120555067839]",2729.482219718005,0.22795643366247398,4549.957710689763,0.31763692083594175
2021-03-05,"[0.12954186779377577, 1.1050626149335492, 192.03139967662037, 6.166517250538552, 1.1585581993348752e-11]",4340.639275082608,0.29333740525085766,6534.4454196926035,0.284586182383517
2021-03-08,"[0.11590614744425544, 1.655501236563433, 178.43716635073997, 6.965272950170268, 1.202243790384065e-10]",5924.344007124895,0.29861153802069396,2951.747923771287,0.2882758303008242
2021-03-09,"[0.1394687619929566, 1.3660431900958745, 133.76774841430836, 6.756862908953255, 3.277013857518051e-11]",2774.375882121251,0.24528953848015686,3633.9084976981667,0.26621229599878843
2021-03-10,"[0.11082171424837994, 1.7996012510757815, 116.9390915565987, 6.856200406389343, 0.1052120506683753]",3327.1160456299967,0.3078085979351782,2803.486565529039,0.31095696516473675
2021-03-11,"[0.13202865550657994, 1.3469155634046102, 147.44217772816808, 7.165954971724003, 2.220245949477419e-10]",2382.996254883155,0.2721305274678125,3634.3541743798637,0.19664711740688579
2021-03-12,"[0.10319336269922258, 1.8199719780813335, 470.2979375450783, 8.240839026566155, 0.0016180720703314177]",3285.270576909317,0.24068926571486807,1718.71903121876,0.24227424465406458
2021-03-15,"[0.024649240311381257, 14.421937797367598, 2.0000000000338365, 25.0573397243649, 5.327539479882732e-12]",1905.9512689092203,0.2836919293017396,2854.5134058241283,0.3075381077541962
2021-03-16,"[0.10390177502536288, 1.9635801715295345, 193.85809512551464, 8.38999375598388, 0.00595180576732398]",2421.4276476133687,0.2415695867393469,4906.075380908753,0.18869966285159226
2021-03-17,"[0.0880365308736119, 2.0726781086531325, 13.45648581038224, 8.751439195109278, 0.09609558873707022]",4300.38353033188,0.11728407582807478,3265.1959447948734,0.13825450493535507
2021-03-18,"[0.07316680774319183, 90.9832139806127, 216.612426739178, 7.6412290268123, 0.9843565002680409]",3079.009195830814,0.2383050987269504,3997.708964636127,0.2337429637292567
2021-03-19,"[8.743771310974158e-05, 154.54972475760428, 176.2833744185002, 5.919542865477386, 0.9945579568796928]",3446.125609100054,0.20197844691567782,5895.433997189173,0.2318681561669019
2021-03-22,"[0.09497028915535621, 0.8468623990485872, 49.83920631268744, 5.097868809283156, 0.17584770498797622]",5777.320090154688,0.2909612299633088,4761.513887674607,0.2475030386066858
2021-03-23,"[0.09041098119748682, 1.0580311008629184, 83.50069630230976, 5.812818173918547, 0.09479479781854046]",4385.450347178871,0.2538002196612653,5463.792210644165,0.26836181765167477
2021-03-24,"[0.11090879076705448, 0.49953821033673995, 8147.79719010995, 4.678055452366829, 0.11015041909055448]",3456.97669255885,0.22290738448533684,4523.982520500434,0.26672897929822253
2021-03-25,"[0.10148180416339374, 0.6278288127884282, 72.88330714860912, 4.988033659095269, 1.6103556244263328e-12]",3994.6321761711047,0.2838031638046028,2560.264937830372,0.27212775793408406
2021-03-26,"[0.10186178350055547, 2.630782360715469, 475.3372150765037, 5.07011153675632, 0.735327028112566]",2438.1542320870126,0.26305674431252873,4911.323641562205,0.25241924131280596
2021-03-29,"[0.09850719113929648, 2.34792987087287, 601.1803762668292, 5.578681843426168, 0.6933497738466872]",4631.840267461113,0.2648104199109259,4608.986664400039,0.21512996512704827
2021-03-30,"[0.08596216815294688, 0.8376850664020595, 22.129458050558842, 5.2733642633405715, 0.05869142730982601]",4165.699525771606,0.23017307200187742,3902.567787463838,0.22864661270859585
2021-03-31,"[0.06391841607517915, 11.770542209028758, 2.0000000000069362, 28.33365621496354, 9.47280147602244e-13]",5134.009825181695,0.3512297632579313,4819.459475711482,0.4218724842347034
2021-04-01,"[0.11585207649988485, 0.6337827524738961, 119.72430707046429, 5.675120249093236, 1.228261737119759e-10]",4017.3269192910925,0.17911152661670485,5285.089179307162,0.15111862618246052
2021-04-06,"[0.043576841114794256, 48.129898953091114, 128.05478708475854, 6.953571644920983, 0.9755843180063002]",4700.95319931252,0.17367353159916837,5812.2970885495015,0.21414046130790204
2021-04-07,"[0.09482625602043407, 0.7511588414786278, 69.95926840366326, 6.1409455029964475, 0.00018357825827462458]",4726.31368123743,0.24268021218941574,3308.8488544228753,0.17538858450127776
2021-04-08,"[0.10066459434287084, 0.9987114108873903, 46.078678251839094, 7.206963217614965, 0.0002591079791100715]",3122.184345749391,0.14819256660914162,3860.037601949517,0.17759145663523748
2021-04-09,"[0.05493103439111681, 125.89007548512886, 206.76283515082133, 6.47811323404045, 0.993063003024141]",3796.5406938181764,0.1710067453395005,2957.7054488062017,0.17920456277773977
2021-04-12,"[0.10177270579869437, 0.7296742692069291, 15.25138234914928, 5.984488995892705, 0.07196681486850473]",2855.252293415099,0.16793832165116715,3831.950697771107,0.16791291927460292
2021-04-13,"[0.09884313214976403, 0.9808997885559021, 80.82191017662551, 7.1173495668333615, 6.015119540409883e-11]",3683.967531991217,0.18465887083936802,3446.494072533473,0.20822779291449253
2021-04-14,"[0.10581966566731506, 0.8814012598326546, 116.40534686008414, 6.387130667084854, 0.1058447910360824]",3428.5643031344366,0.19229014659648402,5026.160311262928,0.19732849708474526
2021-04-15,"[0.03726696823187439, 9.834681950115204, 1.0000026270862454, 24.444339466861166, 3.8184373066948934e-17]",6601.188389340937,0.2544325962852455,4239.7967560673205,0.22804518761635456
2021-04-16,"[0.08344107903483919, 9.273999024527747, 117.60628167614206, 7.463786835628706, 0.8701771254171272]",3002.4260270162235,0.21315871809419829,4307.4360256707405,0.1901819567246313
2021-04-19,"[0.0807591869478497, 1.0379701578020675, 79.5019288719919, 6.379554647537459, 0.1080369757294797]",4051.6100220303792,0.22308228197768276,4648.897286828739,0.26952768420249656
2021-04-20,"[0.09290280322304822, 0.8895455621323582, 151.68229892624498, 6.525669362412428, 0.0012179064002053297]",4578.839155508724,0.22973501225876677,4552.396367994039,0.1572798191117569
2021-04-21,"[0.07351123516748317, 24.91169517356846, 158.52183337034228, 6.551061259803934, 0.9602535789739686]",4439.374417311663,0.16285197130385798,3998.3820295437795,0.2011399491512526
2021-04-22,"[0.08551651827234907, 1.4335579666943197, 73.49778155495677, 7.799170662200908, 6.221985069068733e-11]",3562.458180900274,0.19804278418880195,4626.4477438510885,0.20453791156942192
2021-04-23,"[0.10079098161493802, 2.244903598624507, 93.05457107003761, 7.015890226167542, 0.5724702713377988]",3870.2760764614595,0.1778182420016848,4925.836778892458,0.1906860644879645
2021-04-26,"[0.07528848342708408, 1.9926312493429224, 47.487575809999285, 6.369157296155642, 0.5856701393128139]",4297.0999294728,0.21988061391703756,7388.611142897274,0.1943570242646924
2021-04-27,"[0.005306233734701619, 95.45830040434872, 214.6335253622367, 6.4937480275245, 0.988562245892261]",6073.496827449902,0.22541580353328886,5672.535904203298,0.2613216789053495
2021-04-28,"[0.08282720636528487, 0.6750800863413908, 93.2736167772627, 5.562442583359619, 0.004102885122122837]",4728.07818975961,0.2509636224338271,2657.384077718319,0.2398453310068352
2021-04-29,"[0.09895252155055587, 0.5224375061935473, 87.53634904063627, 5.034804248131206, 0.0011093540554076456]",2510.324100253652,0.20766483363950528,3967.2359598718735,0.2112659414655065
2021-05-03,"[0.029586233058765635, 14.004490519391378, 76.0074106927689, 7.015768197766173, 0.926592328616217]",3701.3279713639804,0.19373693840889106,4195.379898805483,0.2503176407458724
2021-05-04,"[0.08970844953262386, 1.371267104254595, 17.071185950775224, 8.044912914503037, 0.0555558469956695]",3494.3294623411057,0.22558786552682203,7591.480543003179,0.30080866923334987
2021-05-05,"[0.08460518398490005, 1.4223576861103122, 125.07915352618531, 7.356995083700507, 0.00010707858428607778]",6638.603628339223,0.3326473826418644,7209.3187376167,0.31605403697998946
2021-05-06,"[0.08031624926376423, 1.8992386458371833, 111.23459714408187, 8.644697769097593, 4.1135309374334963e-11]",7123.219166058972,0.3184501252926627,5854.882703647313,0.3167806310837864
2021-05-07,"[0.07823647243957782, 1.3263644787669011, 79.15155665226948, 7.083755298681851, 0.05447561755262581]",5328.109727874855,0.3267554871082152,5889.249828754808,0.2853948689496157
2021-05-10,"[0.0013563164116430027, 1.2195281584865745, 4.633012619651385, 6.82497303467022, 0.06258631187497578]",5598.234375788167,0.517418546330131,4260.716563553869,0.42957556049756834
2021-05-11,"[0.02534581420315174, 25.084211864392614, 107.39875134224079, 10.01694098645053, 0.9043095642860861]",2393.6097438085726,0.24280807751382008,8403.080073207831,0.3509888220800777
2021-05-12,"[0.08938694203157709, 1.2571763482264218, 133.90089019711468, 6.813206148765698, 0.01752611221606279]",8175.17700096321,0.35421264908907224,45111.10490479847,0.5455848325812492
2021-05-13,"[0.07935309402052641, 1.9232924764754462, 36.00550474567618, 6.0805929486021055, 0.004075650730765669]",29614.48421001794,0.5376835445887299,12618.194739522512,0.5294072856991469
2021-05-14,"[0.12326085708944816, 1.1965823984715191, 219.34370642234768, 4.967797058820676, 0.14007216235839648]",10513.507469534947,0.490790422134267,9748.118527954726,0.43430377911532203
2021-05-17,"[0.0008212855440719721, 6.8041555880940745, 43.20574581921217, 5.681082524818618, 0.7886780294048548]",9290.685621765704,0.3413410518906048,17389.408702106608,0.4733271084302923
2021-05-18,"[2.885870815980919e-12, 9.042253835200285, 46.01226753820244, 5.84550338988879, 0.7966880406488949]",14633.883095718858,0.4535614208101316,18976.539231087863,0.30529676613664986
2021-05-19,"[0.07939119279043924, 15.648351509757894, 163.6966664742384, 4.987389036082256, 0.9253467767057983]",15461.931362446865,0.3601128399346226,6151.009648754949,0.35300859660407363
2021-05-20,"[0.09858541091342601, 1.5196378181474106, 242.79449714354507, 5.989422088010377, 0.010479072114595483]",5826.70902740095,0.32805045170184033,9493.696149248579,0.34051879445958627
2021-05-21,"[0.0982094807042848, 1.8444883790049, 106.29973018055509, 6.863074892416535, 0.028984729182553765]",9412.313913077425,0.3377761751948178,9319.710739488628,0.3077990058572952
2021-05-24,"[1.7710145237460412e-15, 9.98576289071108, 5.338978615402555, 18.234518934366818, 0.0011892278879076837]",11431.569881225052,0.2864816772440886,10559.572143765008,0.2814722940322982
2021-05-25,"[0.0556232802768836, 7.981938599764151, 1.0000000650397123, 16.494106301030374, 8.423712840934177e-17]",10226.143036193074,0.3042263705836682,11141.726479528175,0.30685440088413213
2021-05-26,"[0.02561795722916916, 82.06947296725333, 145.6962657296883, 5.79122505119067, 0.9863460557958683]",6366.794366199445,0.2572386175313177,7237.474279292912,0.23156651132264808
2021-05-27,"[0.09209542546605295, 1.2327357539175403, 28.22426052754139, 5.893503759670754, 0.08900612347041276]",7236.160801280496,0.24401949617123833,5433.744407152094,0.2706770332607145
2021-05-28,"[0.09635388224326807, 1.6828932585783236, 120.30648310923829, 8.028668833895027, 2.0135004075805784e-10]",5194.802852767642,0.2656263650519209,6629.493375370022,0.23079970152399173
2021-05-31,"[0.08441645197859822, 1.5430245874103994, 62.63656806433866, 7.184636648315738, 0.04871897319126252]",6472.156613351416,0.25482039720729516,5695.547401899106,0.25511208091398074
2021-06-01,"[0.039566684131979536, 1.957478253207793, 18.258723043491507, 6.869382022500524, 0.2865361481397789]",5391.235791439771,0.15279085822519473,3776.2317103419045,0.18383452573546133
2021-06-02,"[4.86995823362854e-13, 43.535553267758615, 124.66770384004113, 6.3410349429872195, 0.9736232289506488]",3643.344433801898,0.22004098858373042,4131.1165577185075,0.24417705536886725
2021-06-03,"[0.0905685517716221, 1.1240818352603208, 90.40848453345245, 6.3453997183535, 0.07128642458265465]",4035.5697364085495,0.24191073195231638,3681.16552637194,0.20558735155997232
2021-06-04,"[0.04517323217172487, 29.43972042198813, 115.15627120229173, 8.137688558539327, 0.9449375399034122]",3599.396477871133,0.18928555517829254,4401.1667924348185,0.2509268361173529
2021-06-07,"[0.08556046163432349, 0.8775178592734547, 24.77494356075001, 5.7128347387483736, 0.07053964503174581]",3828.4333801182347,0.2617574282712025,5083.875773700254,0.28642864730984446
2021-06-08,"[0.08707437906529261, 1.302100108174174, 130.57732404288893, 7.008679092892777, 0.02088184002230932]",4492.8255023515485,0.2826532611064229,4323.753644961867,0.26947258115552886
2021-06-09,"[0.053710404388630756, 4.554778315542728, 36.39315032685809, 9.09630992292224, 0.542603542637269]",4138.386227827443,0.16939856190667293,3490.3372998825716,0.20994154141729557
2021-06-10,"[0.0010298534122703989, 85.28652978990343, 174.1755899211716, 7.471636409270598, 0.9823767261878777]",3341.013648916243,0.3191140030995552,4341.463747235061,0.2744278589908243
2021-06-11,"[0.07114350916674575, 1.1923925180677937, 98.09098934404403, 7.030084708452755, 0.014763695312310149]",3766.67612873866,0.27585866864979225,2931.5633695666843,0.25150055835928575
2021-06-15,"[0.07090714546580339, 1.88475181055166, 75.24602468771577, 8.829936485298171, 0.00032996600100698405]",2446.249159045762,0.23735250426446025,3904.2290735176744,0.24874554932159113
2021-06-16,"[0.06961179109790293, 1.5166059084157508, 130.4217322967279, 8.15427571574915, 0.013397412551736446]",3557.085251599535,0.2584856620013357,4181.084581784975,0.2638067217966352
2021-06-17,"[0.080689542495335, 1.270787964563997, 73.39045829964577, 7.917105003593372, 0.016554037256221867]",3936.9034229134104,0.24464695880609527,8832.023861429167,0.22793817478696737
2021-06-18,"[0.0631405660703623, 0.6302839602002963, 5.17012175392663, 5.14269991175303, 0.03160776206384519]",7718.39124310716,0.17803420606543094,4239.411537302169,0.20193771701160546
2021-06-21,"[0.0755377396975422, 1.1519752506749672, 2.0005323835665143, 7.558977381429157, 0.0004904306379254722]",3362.1166499475034,0.18273958057946413,5063.533292397138,0.220847994402927
2021-06-22,"[6.829645072681862e-14, 8.940073348551365, 61.096573721746964, 8.010739227212493, 0.8017377495418434]",3187.594272360511,0.20492279342421013,3259.0522528548613,0.2201214814245542
2021-06-23,"[0.06864777374957448, 1.5309385702506701, 16.27537696497564, 7.218519394092985, 0.18906500860780517]",2766.696751261677,0.13090210486044862,3985.2037241930684,0.13606486103729426
2021-06-24,"[0.06455122431899053, 1.5354084070212997, 88.94336480842189, 7.785467908133732, 4.244049728934419e-06]",3822.517184263015,0.2617219498755832,4446.956707368199,0.20087360458199968
2021-06-25,"[6.828479781993534e-09, 4.066584616934039, 37.080446087978565, 7.932219336956779, 0.6374057519989607]",3958.931146580085,0.09660404754959924,4850.59340679981,0.13160849753469853
2021-06-28,"[0.08040058136355399, 1.086848938841665, 112.6760000889052, 7.3586023844949136, 8.766730811440285e-10]",4564.4195743157925,0.2530338768874925,3719.9449502973903,0.1807840081866178
2021-06-29,"[7.472721745930239e-07, 5.111137672231484, 41.611441753058315, 8.221131113009221, 0.6806409763135061]",2909.169816583427,0.09216910213391,5848.878517607733,0.13345852820440995
2021-06-30,"[0.0736087189291599, 0.8596888269040189, 116.52336991097494, 6.219893066725329, 0.000775802432241208]",4928.969539952393,0.2667789152192376,3949.908029350823,0.2279397831110466
2021-07-01,"[0.06419622816711619, 1.0310644173525059, 63.84357184905636, 6.435455415109761, 0.025571357025471593]",3735.7979842125874,0.24047377953683782,3935.7677056432967,0.26161661813877346
2021-07-02,"[0.07210406713957565, 5.034672175352247, 118.95212543064841, 7.24322273280148, 0.7703766766717093]",3791.266890535199,0.22650572656495885,3275.122242690853,0.21470916761270395
2021-07-05,"[0.07119036068368369, 1.7250097075539195, 141.36732067048703, 7.53655811212483, 0.2360132825538268]",3200.704454021105,0.22330186773666028,4359.178366355889,0.2197721897113344
2021-07-06,"[0.07295623818768938, 1.2532351069923027, 283.62820223434016, 7.593175052216917, 0.001004290649531853]",4277.92912984713,0.21924344501051662,4332.8366838176435,0.22745125212852726
2021-07-07,"[2.068121874525216e-11, 79.83926979156767, 191.71645523519868, 7.617749693597618, 0.9853192214732358]",4027.488870328407,0.22431116399447726,2959.195125496879,0.2387836802584595
2021-07-08,"[2.1195328713494654e-08, 6.379157942139971, 46.58198180511803, 11.18974940876287, 0.5929259427868107]",1938.8036445318626,0.14383458930958476,5934.302547280699,0.15770778194711618
2021-07-09,"[0.05768979058790155, 1.702388752472083, 55.87439604918255, 9.172020772321892, 0.010400166681323937]",5559.350471172933,0.25818493260825853,4449.013107408121,0.2802846876729185
2021-07-12,"[3.51387631393614e-08, 4.6439302396871245, 39.23946337694813, 8.480247151416506, 0.6131857336266373]",3432.6843612230723,0.13222550727873633,3025.573635178558,0.13756919537528606
2021-07-13,"[0.012971847622059711, 46.24750491240158, 2.000001014245666, 54.10222611124041, 3.273943858215319e-08]",5263.361753388559,0.24300584194594102,5360.957402056934,0.22637353755904388
2021-07-14,"[0.0786873672435388, 1.2884759757716686, 314.385728518976, 7.766507743995328, 9.58406558152828e-10]",2350.2291512929887,0.2117513693651251,3121.4063025477026,0.2458349579023936
2021-07-15,"[0.0654431342807761, 1.7559540738039976, 70.1785658274524, 9.021142417237321, 6.1726941337636e-06]",3066.2627780250114,0.2612754557005387,2057.8230665764495,0.24567082173140475
2021-07-16,"[0.006200472177698644, 4.113615158738104, 32.96526751311383, 9.91179348875335, 0.46783993355200143]",1908.70473187528,0.25569807893046076,1961.025083328843,0.40361681728131066
2021-07-19,"[0.07547699686325811, 1.3442653751242486, 56.86128022638676, 7.997665293611723, 0.0070471116909944795]",1817.1761611458842,0.2319749745348089,4401.577125548658,0.30096507547664436
2021-07-20,"[0.06903700990592906, 0.9857392660700377, 2.0141983808051616, 7.370574864146715, 0.004058361051877575]",3817.7567347386016,0.2631086606786014,8512.216855452876,0.22755982227688243
